Title,URLs,Categories
"Auto Draft",https://dailyconf.com/?p=2446,
"Auto Draft",https://dailyconf.com/?post_type=event&p=2445,
"test lead",https://dailyconf.com/product/test-lead/,
"Programmatic Pioneers Summit",https://dailyconf.com/event/programmatic-pioneers-summit/,
"Affiliate Management Days: Las Vegas",https://dailyconf.com/event/affiliate-management-days-las-vegas/,
TactixX,https://dailyconf.com/event/tactixx/,
"Digital Marketing Solutions Summit",https://dailyconf.com/event/digital-marketing-solutions-summit/,
"AFFILIATE MANAGEMENT ACADEMY",https://dailyconf.com/event/affiliate-management-academy/,
AffiliateCon,https://dailyconf.com/event/affiliatecon/,
"Experiential Marketing Summit",https://dailyconf.com/event/experiential-marketing-summit/,
"Gartner Digital Marketing Conference",https://dailyconf.com/event/gartner-digital-marketing-conference/,
"Привет, мир!",https://dailyconf.com/2018/05/08/%d0%bf%d1%80%d0%b8%d0%b2%d0%b5%d1%82-%d0%bc%d0%b8%d1%80/,"Без рубрики"
"Пример страницы",https://dailyconf.com/sample-page/,
"Calendar 2",https://dailyconf.com/calendar-2/,
Venues,https://dailyconf.com/venues/,
"Event List 5",https://dailyconf.com/event-list-5/,
"Event List 4",https://dailyconf.com/event-list-4/,
"Event List 3",https://dailyconf.com/event-list-3/,
"Event List 2",https://dailyconf.com/event-list-2/,
"Categorized Events 3",https://dailyconf.com/categorized-events-3/,
"Categorized Events 2",https://dailyconf.com/categorized-events-2/,
"Home 14 &#8211; Full Slider",https://dailyconf.com/home-14-full-slider/,
"Home 13 &#8211; Wedding",https://dailyconf.com/home-13-wedding/,
Calendar,https://dailyconf.com/calendar/,
"Page Example 3",https://dailyconf.com/page-example-3/,
"Contact 2",https://dailyconf.com/contact-2/,
Gallery,https://dailyconf.com/gallery/,
FAQ,https://dailyconf.com/faq/,
"Home 12 &#8211; Fashion Event",https://dailyconf.com/home-12-fashion-event/,
"Julian Young",https://dailyconf.com/speaker/julian-young/,
"Dana Storey",https://dailyconf.com/speaker/dana-storey/,
"Janet T. Ryan",https://dailyconf.com/speaker/janet-t-ryan/,
"Judith R. Bragg",https://dailyconf.com/speaker/judith-r-bragg/,
"Milano Conf Center",https://dailyconf.com/venue/milano-conf-center/,
"Home 10 – Gaming Event",https://dailyconf.com/home-10-gaming-event/,
"Home 11 – Art Event",https://dailyconf.com/home-11-art-event/,
"Home 9 – Sports Event",https://dailyconf.com/home-9-sports-event/,
"Home 8 – Travel Event",https://dailyconf.com/home-8-travel-event/,
"Home 7 – Education Event",https://dailyconf.com/home-7-education-event/,
"Home 6 – Concert Event",https://dailyconf.com/home-6-concert-event/,
"Categorized Events 1",https://dailyconf.com/categorized-events/,
"Blog 3",https://dailyconf.com/blog-3/,
"Search Results",https://dailyconf.com/search-results/,
"Event List 1",https://dailyconf.com/event-list/,
Footer,https://dailyconf.com/footer/,
"LA Beach Picnic",https://dailyconf.com/event/la-beach-picnic/,
"X-Theater Center",https://dailyconf.com/venue/x-theater-center/,
"Istanbul Conf Center",https://dailyconf.com/venue/istanbul-conf-center/,
"Tokyo Center",https://dailyconf.com/venue/tokyo-center/,
"General Ticket &#8211; 6",https://dailyconf.com/product/general-event-ticket-6/,
"London Conference",https://dailyconf.com/venue/london-conference/,
"MailChimp for WordPress: Form Preview",https://dailyconf.com/?page_id=279,
"Walking in the Village Mountain",https://dailyconf.com/event/walking-in-the-village-mountain/,
"General Ticket &#8211; 5",https://dailyconf.com/product/general-event-ticket-5/,
"Friendship Dinner",https://dailyconf.com/event/friendship-dinner/,
"General Ticket &#8211; 4",https://dailyconf.com/product/general-event-ticket-4/,
"General Ticket &#8211; 3",https://dailyconf.com/product/general-event-ticket-3/,
"General Ticket &#8211; 2",https://dailyconf.com/product/general-event-ticket-2/,
"Megeve Winter Party",https://dailyconf.com/event/megeve-winter-party/,
"Surf Carnival 2017",https://dailyconf.com/event/surf-carnival-2017/,
"Hiking Up to the Griffith Park",https://dailyconf.com/event/hiking-up-to-the-griffith-park/,
"Rock Concert of the Gloria",https://dailyconf.com/event/rock-concert-of-the-gloria/,
"Blog 2",https://dailyconf.com/blog-2/,
"Blog 1",https://dailyconf.com/blog-1/,
Contact,https://dailyconf.com/contact/,
"Page Example 2",https://dailyconf.com/page-example-2/,
"Page Example 1",https://dailyconf.com/page-example-1/,
About,https://dailyconf.com/about/,
"Home 5 &#8211; Technology Event",https://dailyconf.com/home-5-technology-event/,
"Home 4 &#8211; Business Event",https://dailyconf.com/home-4-business-event/,
"Home 3 – Multiple v3",https://dailyconf.com/,
"Home 2 – Multiple v2",https://dailyconf.com/home-2-multiple-v2/,
Gold,https://dailyconf.com/product/gold/,
Siver,https://dailyconf.com/product/siver/,
Business,https://dailyconf.com/product/business/,
Personal,https://dailyconf.com/product/personal/,
"General Ticket",https://dailyconf.com/product/general-event-ticket/,
"Table Mountain Aerial Cableway",https://dailyconf.com/event/table-mountain-aerial-cableway/,
"Griffith Park",https://dailyconf.com/venue/griffith-park/,
Megeve,https://dailyconf.com/venue/megeve/,
"Club Play",https://dailyconf.com/venue/club-play/,
"Cape Town",https://dailyconf.com/venue/cape-town/,
"Bavarian Alps",https://dailyconf.com/venue/bavarian-alps/,
"Hotel Santana",https://dailyconf.com/venue/hotel-santana/,
"Cafe de Cloud",https://dailyconf.com/venue/cafe-de-cloud/,
"Home 1 &#8211; Multiple",https://dailyconf.com/home-1-multiple/,
"Marina Maur",https://dailyconf.com/speaker/marina-maur/,
"My Account",https://dailyconf.com/my-account/,
Shop,https://dailyconf.com/shop/,
Cart,https://dailyconf.com/cart/,
Checkout,https://dailyconf.com/checkout/,
"CA After Party",https://dailyconf.com/event/ca-after-party/,
"Eventchamp Conference",https://dailyconf.com/event/eventchamp-conference/,
"Oxnard Beach",https://dailyconf.com/venue/oxnard-beach/,
"Xtra Technology Conference 2017",https://dailyconf.com/event/xtra-technology-conference-2017/,
"Munih Stadium",https://dailyconf.com/venue/munih-stadium/,
"Spain Education Seminar 2018",https://dailyconf.com/event/spain-education-seminar-2018/,
"Drama Games 2018",https://dailyconf.com/event/drama-games-2018/,
"Gaming X2018",https://dailyconf.com/event/gaming-x2018/,
"Techcon 2017",https://dailyconf.com/event/techcon-2017/,
"Fashion Carnival 2017",https://dailyconf.com/event/fashion-carnival-2017/,
"Art Carnival 2018",https://dailyconf.com/event/art-carnival-2018/,
"Soccer Cup 2018",https://dailyconf.com/event/soccer-cup-2018/,
"Milano 20T Meeting",https://dailyconf.com/event/milano-20t-meeting/,
"Love Wedding Venue",https://dailyconf.com/venue/love-wedding-venue/,
"James and Helen&#8217;s Wedding",https://dailyconf.com/event/james-and-helens-wedding/,
"Woo Album #4",https://dailyconf.com/product/woo-album-4/,
"Woo Single #1",https://dailyconf.com/product/woo-single-1/,
"Woo Album #3",https://dailyconf.com/product/woo-album-3/,
"Woo Album #2",https://dailyconf.com/product/woo-album-2/,
"Woo Album #1",https://dailyconf.com/product/woo-album-1/,
"Woo Logo",https://dailyconf.com/product/woo-logo-3/,
"Woo Ninja",https://dailyconf.com/product/woo-ninja-3/,
"Premium Quality",https://dailyconf.com/product/premium-quality-2/,
"Flying Ninja",https://dailyconf.com/product/flying-ninja/,
"Ship Your Idea",https://dailyconf.com/product/ship-your-idea-3/,
"Woo Logo",https://dailyconf.com/product/woo-logo-2/,
"Ninja Silhouette",https://dailyconf.com/product/ninja-silhouette-2/,
"Happy Ninja",https://dailyconf.com/product/happy-ninja-2/,
"Patient Ninja",https://dailyconf.com/product/patient-ninja/,
"Woo Ninja",https://dailyconf.com/product/woo-ninja-2/,
"Ship Your Idea",https://dailyconf.com/product/ship-your-idea-2/,
"Happy Ninja",https://dailyconf.com/product/happy-ninja/,
"Woo Ninja",https://dailyconf.com/product/woo-ninja/,
"Ninja Silhouette",https://dailyconf.com/product/ninja-silhouette/,
"Ship Your Idea",https://dailyconf.com/product/ship-your-idea/,
"Premium Quality",https://dailyconf.com/product/premium-quality/,
"Woo Logo",https://dailyconf.com/product/woo-logo/,
"The Top 6 Event and Conference Venues",https://dailyconf.com/2017/03/07/the-top-6-event-and-conference-venues/,Lists
"Marie Berger",https://dailyconf.com/speaker/marie-berger/,
"Los Angeles Events and Things To Do 2018",https://dailyconf.com/2017/03/05/los-angeles-events-and-things-to-do-2018/,"Conferences, Events"
"Henry D. Jackson",https://dailyconf.com/speaker/henry-d-jackson/,
"5 Ideas for Fun Family Activities",https://dailyconf.com/2017/03/07/5-ideas-for-fun-family-activities/,Lists
"Lily Banks",https://dailyconf.com/speaker/lily-banks/,
"Reino Rasimus",https://dailyconf.com/speaker/reino-rasimus/,
"Budgets for Business Events",https://dailyconf.com/2017/03/04/budgets-for-business-events/,"Events, News"
"David H. Hanna",https://dailyconf.com/speaker/david-h-hanna/,
"Best Event Musics",https://dailyconf.com/2017/03/02/best-event-musics/,"Culture, Events"
"James Potter",https://dailyconf.com/speaker/james-potter/,
"Budgets for Business Events",https://dailyconf.com/2017/03/02/budgets-for-business-events-2/,"Events, News"
"Lara Norris",https://dailyconf.com/speaker/lara-norris/,
